"Player","Pos","Team","1","2","3","4","5","6","7","8","9","10","11","12","13","14","15","16","17","18","TTL","AVG"
"Joe Burrow","QB","CIN","51","64","62","67","67","53","55","55","73","82","82","bye","62","71","69","55","90","74","1132","66.6"
"Caleb Williams","QB","CHI","56","70","90","60","72","63","bye","63","74","60","72","76","67","49","64","64","61","62","1123","66.1"
"Baker Mayfield","QB","TB","62","48","57","77","53","77","82","73","55","61","bye","65","78","62","68","72","66","67","1123","66.1"
"Jared Goff","QB","DET","61","85","68","53","bye","57","57","42","57","65","63","72","70","80","79","65","71","68","1113","65.5"
"Sam Darnold","QB","MIN","55","54","61","68","72","bye","60","50","73","84","73","69","53","58","77","66","72","65","1110","65.3"
"Patrick Mahomes II","QB","KC","54","65","74","62","84","bye","70","72","85","68","55","74","71","69","67","74","62","0","1106","69.1"
"Bo Nix","QB","DEN","69","61","68","61","63","55","63","73","72","58","59","68","66","bye","63","64","60","65","1088","64.0"
"Geno Smith","QB","SEA","67","70","64","90","58","78","59","51","80","bye","60","64","64","64","35","64","52","55","1075","63.2"
"Lamar Jackson","QB","BAL","80","65","63","54","78","68","56","68","51","63","61","65","72","bye","49","62","52","67","1074","63.2"
"DJ Moore","WR","CHI","49","69","86","55","66","56","bye","60","73","58","68","75","65","48","58","61","58","61","1066","62.7"
"Kyler Murray","QB","ARI","61","60","59","59","58","58","54","66","55","52","bye","58","82","71","63","70","79","60","1065","62.6"
"Jayden Daniels","QB","WAS","59","71","59","72","58","59","10","74","62","64","66","70","83","bye","78","68","83","26","1062","62.5"
"Jerry Jeudy","WR","CLE","62","57","60","51","47","52","80","67","79","bye","62","48","78","66","59","60","77","56","1061","62.4"
"Ja'Marr Chase","WR","CIN","43","59","61","53","59","49","48","55","65","77","81","bye","60","66","67","50","88","73","1054","62.0"
"Justin Herbert","QB","LAC","57","69","36","56","bye","78","66","66","57","59","67","69","46","59","51","65","69","75","1045","61.5"
"Justin Jefferson","WR","MIN","46","38","57","61","69","bye","58","50","72","78","72","70","51","57","68","64","68","64","1043","61.4"
"C.J. Stroud","QB","HOU","79","62","54","75","68","63","64","71","79","68","64","56","63","bye","50","59","49","11","1035","60.9"
"Drake London","WR","ATL","56","59","61","55","73","67","65","62","11","78","45","bye","80","74","57","49","62","78","1032","60.7"
"Aaron Rodgers","QB","NYJ","38","57","73","74","72","63","57","62","58","58","51","bye","68","68","58","69","40","64","1030","60.6"
"Garrett Wilson","WR","NYJ","49","55","64","71","69","61","57","61","57","56","51","bye","66","67","57","69","52","63","1025","60.3"
"Matthew Stafford","QB","LAR","78","52","58","61","78","bye","55","72","77","70","52","64","56","77","65","52","57","0","1024","64.0"
"Amon-Ra St. Brown","WR","DET","60","79","65","47","bye","43","54","42","53","64","63","68","66","68","72","55","56","55","1010","59.4"
"Cole Kmet","TE","CHI","27","54","73","54","63","57","bye","49","63","56","70","76","66","49","62","57","57","61","994","58.5"
"Darnell Mooney","WR","ATL","53","61","57","54","85","67","64","58","57","77","34","bye","76","70","53","60","62","0","988","61.8"
"Tre Tucker","WR","LV","47","38","52","50","59","60","75","53","56","bye","58","69","66","59","64","68","69","41","984","57.9"
"Ray-Ray McCloud III","WR","ATL","30","61","58","55","85","58","64","55","52","77","58","bye","77","47","24","61","40","79","981","57.7"
"Josh Allen","QB","BUF","62","41","56","51","60","69","55","69","66","73","73","bye","43","60","70","59","60","1","968","56.9"
"Brock Bowers","TE","LV","41","43","42","48","55","50","66","53","55","bye","62","72","61","57","63","70","70","48","956","56.2"
"Rome Odunze","WR","CHI","43","66","89","47","60","53","bye","47","65","41","59","66","52","49","53","53","56","55","954","56.1"
"Jaxon Smith-Njigba","WR","SEA","53","58","56","76","51","73","51","42","71","bye","50","42","49","62","56","56","50","52","948","55.8"
"Brock Purdy","QB","SF","71","70","71","63","64","65","63","68","bye","64","63","0","48","57","54","64","59","0","944","62.9"
"Travis Kelce","TE","KC","48","59","57","54","65","bye","54","57","71","57","44","66","64","57","67","65","55","0","940","58.8"
"Courtland Sutton","WR","DEN","63","54","50","48","51","47","56","61","61","54","52","58","62","bye","57","58","56","48","936","55.1"
"Terry McLaurin","WR","WAS","48","66","50","51","45","47","49","53","46","57","47","57","66","bye","70","62","68","53","935","55.0"
"Jalen Hurts","QB","PHI","76","71","72","57","bye","62","54","61","79","54","71","71","56","58","80","12","0","0","934","62.3"
"Trey McBride","TE","ARI","52","55","50","0","51","54","54","64","52","42","bye","56","77","67","64","65","73","58","934","58.4"
"Tucker Kraft","TE","GB","64","56","42","65","50","60","55","59","65","bye","43","57","49","44","57","43","54","62","925","54.4"
"Kirk Cousins","QB","ATL","56","61","61","56","87","70","66","62","57","78","46","bye","81","74","58","0","0","0","913","65.2"
"Sam LaPorta","TE","DET","48","75","43","47","bye","42","54","38","48","39","0","67","66","72","77","60","66","68","910","56.9"
"Tyreek Hill","WR","MIA","50","52","46","44","62","bye","62","57","59","46","52","50","57","70","63","56","53","27","906","53.3"
"Michael Pittman Jr.","WR","IND","40","48","47","58","62","56","55","61","41","0","61","41","57","bye","73","61","72","71","904","56.5"
"Jakobi Meyers","WR","LV","52","59","59","57","68","0","0","47","59","bye","57","76","63","61","60","68","64","48","898","59.9"
"Andrei Iosivas","WR","CIN","51","49","48","51","53","35","39","51","67","69","56","bye","42","48","60","38","71","64","892","52.5"
"Elijah Moore","WR","CLE","71","52","54","43","43","38","54","49","60","bye","53","40","64","60","53","51","51","56","892","52.5"
"Jalen Tolbert","WR","DAL","42","60","60","39","68","64","bye","55","73","56","66","64","55","39","36","17","42","56","892","52.5"
"Demarcus Robinson","WR","LAR","72","48","54","52","76","bye","50","61","54","58","39","51","34","47","51","38","45","62","892","52.5"
"Calvin Ridley","WR","TEN","54","54","39","38","bye","48","58","60","72","50","52","53","55","53","51","54","64","33","888","52.2"
"Kyren Williams","RB","LAR","71","41","52","48","67","bye","49","64","76","65","42","58","38","64","56","43","54","0","888","55.5"
"Malik Nabers","WR","NYG","71","50","61","62","0","0","54","71","62","66","bye","55","60","73","64","53","47","37","886","59.1"
"Darius Slayton","WR","NYG","51","49","59","58","65","68","58","72","60","0","bye","34","43","66","46","50","45","48","872","54.5"
"Jordan Love","QB","GB","65","0","0","76","59","73","58","44","65","bye","46","68","54","50","64","60","63","23","868","57.9"
"Marvin Harrison Jr.","WR","ARI","55","46","52","54","44","8","48","60","43","43","bye","55","72","60","54","57","66","48","865","50.9"
"Dalton Schultz","TE","HOU","63","44","64","65","67","57","50","47","56","48","48","46","43","bye","47","48","40","32","865","50.9"
"Bijan Robinson","RB","ATL","50","46","50","36","58","39","50","42","42","61","42","bye","61","63","44","50","58","69","861","50.6"
"Wan'Dale Robinson","WR","NYG","48","35","43","45","59","64","49","62","47","49","bye","49","48","77","52","55","36","39","857","50.4"
"Cade Otton","TE","TB","55","48","52","73","53","62","80","68","54","57","bye","53","75","60","66","0","0","0","856","61.1"
"Keenan Allen","WR","CHI","38","0","0","41","61","53","bye","61","69","56","66","68","64","47","55","59","58","54","850","56.7"
"Hunter Henry","TE","NE","54","57","33","50","56","47","52","57","60","57","67","57","56","bye","41","61","30","0","835","52.2"
"Zay Flowers","WR","BAL","71","58","42","39","64","49","42","59","30","52","51","50","68","bye","48","54","41","14","832","48.9"
"CeeDee Lamb","WR","DAL","45","58","71","47","66","49","bye","55","64","50","66","62","51","58","51","33","0","0","826","55.1"
"Jameson Williams","WR","DET","52","78","48","51","bye","51","43","0","0","48","51","60","55","55","69","54","56","55","826","55.1"
"Michael Wilson","WR","ARI","49","45","53","50","42","55","44","46","41","39","bye","48","67","59","52","63","69","0","822","51.4"
"Brian Thomas Jr.","WR","JAC","41","44","52","44","37","49","40","29","49","38","45","bye","61","47","74","60","49","62","821","48.3"
"Jordan Addison","WR","MIN","28","0","0","45","65","bye","51","46","67","62","44","67","50","45","66","59","65","58","818","54.5"
"Alec Pierce","WR","IND","38","53","43","55","52","62","49","50","48","55","56","40","44","bye","35","0","73","64","817","51.1"
"George Kittle","TE","SF","66","51","0","59","58","57","58","64","bye","57","0","41","48","52","52","63","60","22","808","53.9"
"Tyler Conklin","TE","NYJ","46","53","67","68","59","46","49","50","45","45","47","bye","56","54","0","53","53","14","805","50.3"
"Saquon Barkley","RB","PHI","61","64","58","32","bye","49","35","50","57","35","58","50","49","44","49","61","49","0","801","50.1"
"DeVonta Smith","WR","PHI","76","71","55","0","bye","62","53","57","76","49","63","0","0","52","74","61","52","0","801","61.6"
"Jaylen Waddle","WR","MIA","51","55","51","43","61","bye","59","56","52","47","53","52","65","59","26","0","0","63","793","52.9"
"Davante Adams","WR","Multi","58","59","61","0","0","0","55","58","45","56","48","0","66","58","54","67","48","59","792","56.6"
"Pat Freiermuth","TE","PIT","50","38","55","53","46","58","48","43","bye","45","45","44","46","40","30","41","45","49","776","45.6"
"George Pickens","WR","PIT","46","51","50","60","34","45","54","53","bye","63","69","62","63","0","0","0","68","56","774","55.3"
"Nick Westbrook-Ikhine","WR","TEN","12","10","13","17","bye","13","34","70","75","54","50","60","55","60","64","55","69","60","771","45.4"
"Zach Ertz","TE","WAS","42","47","38","49","38","47","40","56","30","49","53","53","55","bye","18","48","55","53","771","45.4"
"Rashod Bateman","WR","BAL","67","53","39","37","49","47","45","57","35","49","49","37","29","bye","45","50","28","50","766","45.1"
"Grant Calcaterra","TE","PHI","36","28","27","27","bye","57","47","57","73","42","37","40","27","53","74","66","52","23","766","45.1"
"A.J. Brown","WR","PHI","72","0","0","0","bye","57","51","50","37","50","69","65","54","55","73","74","59","0","766","58.9"
"Tyler Lockett","WR","SEA","36","57","36","64","49","61","36","40","71","bye","47","41","30","43","45","44","36","29","765","45.0"
"Kayshon Boutte","WR","NE","0","0","18","15","40","55","50","55","66","62","73","60","71","bye","45","64","41","45","760","50.7"
"Xavier Worthy","WR","KC","34","44","37","45","56","bye","42","38","58","51","32","47","42","57","61","59","53","1","757","44.5"
"Foster Moreau","TE","NO","51","47","40","42","28","34","42","57","63","44","51","bye","46","49","35","27","44","52","752","44.2"
"D'Andre Swift","RB","CHI","39","46","48","38","50","45","bye","46","46","40","41","42","46","42","46","47","40","49","751","44.2"
"Ladd McConkey","WR","LAC","38","34","33","43","bye","49","57","41","48","46","49","59","29","0","46","51","61","51","735","45.9"
"Bryce Young","QB","CAR","54","48","0","0","9","0","3","61","53","60","bye","62","70","71","55","68","47","67","728","52.0"
"Van Jefferson","WR","PIT","49","54","11","60","47","43","42","53","bye","55","43","18","43","48","35","47","32","41","721","42.4"
"Mack Hollins","WR","BUF","36","32","46","36","33","46","41","35","45","65","41","bye","38","46","35","42","38","66","721","42.4"
"Breece Hall","RB","NYJ","42","41","52","51","53","55","47","46","44","47","43","bye","42","0","28","53","31","45","720","45.0"
"Russell Wilson","QB","PIT","0","0","0","0","0","0","68","66","bye","78","75","62","67","65","42","60","75","61","719","65.4"
"Tua Tagovailoa","QB","MIA","71","55","0","0","0","bye","0","65","61","53","68","66","71","72","68","67","0","0","717","65.2"
"Chuba Hubbard","RB","CAR","32","28","43","52","39","54","36","45","42","53","bye","55","55","69","52","57","0","0","712","47.5"
"Kyle Pitts","TE","ATL","54","45","42","38","74","45","55","30","31","40","44","bye","33","58","23","30","30","35","707","41.6"
"Jonathan Taylor","RB","IND","43","29","49","48","0","0","0","52","39","53","63","53","55","bye","52","47","68","56","707","50.5"
"De'Von Achane","RB","MIA","37","47","45","44","11","bye","40","38","42","37","42","36","49","60","45","50","32","49","704","41.4"
"Tony Pollard","RB","TEN","39","44","34","39","bye","43","65","62","66","29","37","63","40","40","31","24","0","45","701","43.8"
"Aaron Jones Sr.","RB","MIN","30","33","38","56","16","bye","43","46","55","44","39","56","28","38","47","54","37","40","700","41.2"
"Juwan Johnson","TE","NO","23","24","28","50","42","54","51","32","51","31","34","bye","49","49","40","41","46","52","697","41.0"
"Jauan Jennings","WR","SF","35","38","60","36","36","34","0","0","bye","58","60","45","46","45","51","60","60","25","689","45.9"
"Chase Brown","RB","CIN","17","13","15","27","22","33","32","28","59","71","68","bye","50","59","64","55","73","0","686","42.9"
"Jayden Reed","WR","GB","48","39","36","59","45","39","43","41","44","bye","26","36","36","25","38","40","45","45","685","40.3"
"Theo Johnson","TE","NYG","61","44","58","49","56","70","52","70","55","69","bye","43","56","0","0","0","0","0","683","56.9"
"Mark Andrews","TE","BAL","59","41","21","26","43","34","32","50","28","55","37","27","53","bye","39","47","35","55","682","40.1"
"Drake Maye","QB","NE","0","0","16","0","0","66","60","20","69","64","76","69","71","bye","51","73","43","3","681","52.4"
"Xavier Legette","WR","CAR","35","20","44","61","22","51","36","38","44","59","bye","58","67","62","23","0","32","28","680","42.5"
"DeMario Douglas","WR","NE","39","38","43","38","40","41","20","38","49","27","43","47","45","bye","31","43","49","48","679","39.9"
"Josh Jacobs","RB","GB","49","47","33","46","44","46","39","45","36","bye","37","38","42","40","48","28","40","20","678","39.9"
"Daniel Jones","QB","NYG","71","56","72","69","72","79","46","72","65","75","bye","0","0","0","0","0","0","0","677","67.7"
"Jahan Dotson","WR","PHI","32","56","63","49","bye","22","38","26","42","30","29","50","36","24","36","47","30","64","674","39.6"
"Mike Evans","WR","TB","45","38","47","59","46","44","23","0","0","0","bye","39","67","51","47","58","48","59","671","47.9"
"Chig Okonkwo","TE","TEN","38","32","30","33","bye","33","42","47","56","29","42","51","36","46","44","52","51","3","665","39.1"
"Noah Gray","TE","KC","29","37","37","32","51","bye","47","52","59","39","42","44","44","42","41","36","28","4","664","39.1"
"Romeo Doubs","WR","GB","58","55","46","65","0","54","48","59","54","bye","36","37","0","0","48","46","54","0","660","50.8"
"Quentin Johnston","WR","LAC","38","48","37","43","bye","32","0","0","39","49","55","45","31","48","38","44","54","55","656","43.7"
"Drew Sample","TE","CIN","27","33","25","38","29","26","28","18","56","46","49","bye","39","49","47","49","55","41","655","38.5"
"Tyrone Tracy Jr.","RB","NYG","15","12","22","17","45","66","39","41","47","60","bye","24","46","65","46","37","37","32","651","38.3"
"Allen Lazard","WR","NYJ","51","47","61","65","72","59","33","0","0","0","0","bye","0","53","46","51","54","57","649","54.1"
"Alvin Kamara","RB","NO","34","37","48","61","47","52","40","40","61","43","44","bye","60","49","25","0","0","0","641","45.8"
"Tim Patrick","WR","DET","0","33","34","21","bye","30","30","37","44","32","56","36","49","53","64","42","40","40","641","40.1"
"Jahmyr Gibbs","RB","DET","31","53","31","30","bye","37","33","19","22","39","33","48","32","45","59","45","37","45","639","37.6"
"Cooper Kupp","WR","LAR","78","27","0","0","0","bye","0","42","71","63","37","61","51","64","55","40","48","0","637","53.1"
"Rico Dowdle","RB","DAL","28","30","37","25","38","19","bye","0","55","31","41","40","53","46","54","46","41","52","636","39.8"
"Tee Higgins","WR","CIN","0","0","56","43","48","45","45","0","0","0","69","bye","56","62","60","40","62","50","636","53.0"
"Derrick Henry","RB","BAL","37","30","37","37","39","43","34","35","35","39","30","39","37","bye","27","46","41","49","635","37.4"
"Tyler Boyd","WR","TEN","53","50","38","32","bye","40","41","46","22","33","35","38","47","38","39","31","52","0","635","39.7"
"Tank Dell","WR","HOU","50","43","45","0","46","49","46","53","58","51","41","47","43","bye","31","30","0","0","633","45.2"
"Isaiah Likely","TE","BAL","53","32","39","31","55","46","35","47","17","0","30","35","36","bye","39","41","48","43","627","39.2"
"Jonnu Smith","TE","MIA","20","32","23","25","32","bye","34","43","42","23","55","47","51","46","45","37","29","42","626","36.8"
"Jalen McMillan","WR","TB","53","38","44","0","0","14","49","59","0","0","bye","41","61","49","46","60","53","59","626","48.2"
"Will Levis","QB","TEN","64","66","54","11","bye","58","0","0","0","54","59","67","55","64","33","0","0","36","621","51.8"
"Anthony Richardson Sr.","QB","IND","45","56","56","13","0","0","62","63","0","0","70","55","62","bye","76","62","0","0","620","56.4"
"James Conner","RB","ARI","41","41","44","34","46","16","48","53","28","32","bye","40","48","55","50","31","12","0","619","38.7"
"Dawson Knox","TE","BUF","36","24","33","27","33","42","31","41","43","52","61","bye","28","49","51","33","34","0","618","38.6"
"Jake Ferguson","TE","DAL","39","0","53","41","57","46","bye","52","63","45","7","0","0","46","44","35","42","46","616","44.0"
"Derek Carr","QB","NO","60","53","56","73","44","0","0","0","78","51","56","bye","70","63","0","0","0","0","604","60.4"
"Josh Downs","WR","IND","0","0","32","41","43","55","38","45","27","44","48","29","0","bye","58","36","47","59","602","43.0"
"Colby Parkinson","TE","LAR","69","42","58","53","62","bye","35","46","32","11","19","19","20","37","32","17","23","26","601","35.4"
"Rhamondre Stevenson","RB","NE","51","49","24","35","28","0","30","54","51","45","58","29","56","bye","33","32","24","0","599","39.9"
"Keon Coleman","WR","BUF","45","41","20","43","38","44","41","63","52","0","0","bye","0","0","44","39","63","65","598","46.0"
"Calvin Austin III","WR","PIT","28","30","37","39","44","24","34","38","bye","35","26","40","16","23","35","48","56","40","593","34.9"
"Rachaad White","RB","TB","45","34","42","45","34","0","39","41","34","37","bye","32","42","47","37","36","28","18","591","36.9"
"David Njoku","TE","CLE","28","0","0","0","26","42","69","58","61","bye","63","57","79","65","0","41","0","0","589","53.5"
"Amari Cooper","WR","Multi","72","63","60","55","51","47","19","38","0","0","37","0","27","32","32","32","22","0","587","41.9"
"Dontayvion Wicks","WR","GB","31","36","29","58","45","10","24","21","35","bye","16","28","48","39","30","42","46","48","586","34.5"
"Khalil Shakir","WR","BUF","33","31","35","35","0","26","38","44","35","53","52","bye","29","47","41","44","43","0","586","39.1"
"Darnell Washington","TE","PIT","37","29","35","40","30","49","36","30","bye","50","45","38","34","38","19","26","26","22","584","34.4"
"Parker Washington","WR","JAC","7","13","22","14","8","18","21","42","46","23","28","bye","56","44","72","63","48","59","584","34.4"
"Brock Wright","TE","DET","30","29","47","29","bye","34","28","20","34","37","65","34","30","49","18","34","37","28","583","34.3"
"Austin Hooper","TE","NE","36","37","30","38","25","37","23","32","27","41","39","26","36","bye","31","50","24","43","575","33.8"
"Brenton Strange","TE","JAC","19","41","50","42","49","23","28","22","9","18","24","bye","29","26","69","34","42","50","575","33.8"
"Javonte Williams","RB","DEN","36","40","35","35","40","37","41","42","39","17","32","38","30","bye","34","33","22","23","574","33.8"
"Adam Trautman","TE","DEN","24","25","46","28","34","17","40","41","44","34","37","36","37","bye","27","28","29","47","574","33.8"
"Jalen Nailor","WR","MIN","26","50","54","14","41","bye","44","21","20","42","32","28","31","24","41","35","38","32","573","33.7"
"Cooper Rush","QB","DAL","1","3","0","0","0","18","bye","0","30","45","83","64","76","60","73","60","59","0","572","47.7"
"Noah Fant","TE","SEA","50","57","28","51","40","54","32","31","0","bye","0","0","43","38","35","46","29","35","569","40.6"
"David Moore","WR","CAR","19","2","19","9","24","6","14","50","46","50","bye","58","63","62","32","61","15","38","568","33.4"
"Zach Charbonnet","RB","SEA","23","67","54","38","21","24","33","23","20","bye","19","24","29","51","47","14","39","42","568","33.4"
"Gardner Minshew II","QB","LV","60","63","51","59","44","0","65","58","35","bye","65","64","0","0","0","0","0","0","564","56.4"
"Joe Mixon","RB","HOU","57","29","0","0","0","28","42","54","44","52","52","43","47","bye","32","39","27","11","557","39.8"
"Christian Watson","WR","GB","42","41","34","9","0","44","31","52","37","bye","31","47","51","46","50","30","0","10","555","37.0"
"Josh Oliver","TE","MIN","26","29","31","46","45","bye","35","35","41","57","41","0","0","30","36","31","39","30","552","36.8"
"Lil'Jordan Humphrey","WR","DEN","21","47","50","42","40","19","33","44","35","34","27","38","21","bye","21","23","27","24","546","32.1"
"Will Dissly","TE","LAC","25","35","23","20","bye","52","48","45","39","32","38","52","29","24","0","0","35","43","540","36.0"
"Kyle Juszczyk","RB","SF","40","40","44","38","40","42","26","39","bye","25","23","20","21","31","27","22","27","32","537","31.6"
"Trevor Lawrence","QB","JAC","53","60","57","58","58","59","61","57","54","0","0","bye","19","0","0","0","0","0","536","53.6"
"DeAndre Hopkins","WR","Multi","17","29","25","21","0","41","44","23","51","44","26","33","42","38","34","36","29","0","533","33.3"
"J.K. Dobbins","RB","LAC","33","32","30","40","bye","57","45","54","42","39","49","21","0","0","0","0","42","49","533","41.0"
"Ja'Tavion Sanders","TE","CAR","43","24","26","20","45","48","32","22","45","53","bye","12","0","35","27","39","26","34","531","33.2"
"Jerome Ford","RB","CLE","57","32","53","46","36","4","0","0","36","bye","41","20","57","40","36","53","15","0","526","37.6"
"Mike Gesicki","TE","CIN","18","30","31","22","29","19","17","31","27","58","51","bye","27","20","22","19","51","51","523","30.8"
"Tommy Tremble","TE","CAR","0","22","64","61","17","0","0","37","0","0","bye","51","70","46","35","51","25","40","519","43.3"
"Bucky Irving","RB","TB","20","17","18","32","23","49","29","31","19","28","bye","34","43","10","32","41","42","48","516","30.4"
"John Bates","TE","WAS","28","25","33","40","34","21","29","25","32","23","20","29","53","bye","42","24","43","15","516","30.4"
"Julian Hill","TE","MIA","42","28","25","30","40","bye","36","21","0","29","38","31","24","32","27","31","37","43","514","32.1"
"Sterling Shepard","WR","TB","0","0","4","50","36","58","37","45","33","44","bye","35","35","30","36","24","0","42","509","36.4"
"Brian Robinson Jr.","RB","WAS","33","43","45","45","23","0","26","35","0","0","35","12","39","bye","58","43","45","23","505","36.1"
"Jameis Winston","QB","CLE","0","3","2","0","5","1","13","69","79","bye","69","57","86","72","48","0","0","0","504","42.0"
"Nico Collins","WR","HOU","63","52","55","63","9","0","0","0","0","0","30","44","44","bye","41","50","40","11","502","41.8"
"Dak Prescott","QB","DAL","62","67","80","56","76","51","bye","62","47","0","0","0","0","0","0","0","0","0","501","62.6"
"AJ Barner","TE","SEA","32","25","18","35","15","24","24","19","73","bye","51","54","26","24","17","19","14","31","501","29.5"
"Mac Jones","QB","JAC","0","0","14","0","0","3","0","0","0","44","48","bye","51","59","84","67","58","69","497","49.7"
"Travis Etienne Jr.","RB","JAC","37","43","49","30","22","11","0","0","17","30","36","bye","37","28","61","35","28","30","494","32.9"
"Olamide Zaccheaus","WR","WAS","26","24","5","18","34","23","29","26","24","16","28","24","29","bye","38","47","63","40","494","29.1"
"Xavier Hutchinson","WR","HOU","12","9","12","13","48","33","41","44","59","57","28","8","0","bye","8","34","39","48","493","30.8"
"Puka Nacua","WR","LAR","25","0","0","0","0","bye","0","41","27","55","39","51","44","59","50","42","54","0","487","44.3"
"James Cook","RB","BUF","38","21","32","33","36","0","29","42","36","41","27","bye","26","27","29","21","32","15","485","30.3"
"Marquez Valdes-Scantling","WR","Multi","13","4","49","25","28","22","0","0","32","29","39","0","53","48","43","0","47","46","478","34.1"
"Kareem Hunt","RB","KC","0","0","0","28","53","bye","45","42","49","44","38","41","27","20","28","32","30","0","477","36.7"
"Mo Alie-Cox","TE","IND","18","18","31","31","29","34","33","27","26","27","28","23","36","bye","23","30","31","30","475","27.9"
"Dyami Brown","WR","WAS","33","50","13","18","37","19","21","24","26","10","25","24","43","bye","61","45","0","25","474","29.6"
"Mason Rudolph","QB","TEN","0","0","0","54","bye","0","73","76","77","0","0","0","0","0","37","61","69","26","473","59.1"
"Dalton Kincaid","TE","BUF","52","19","34","37","38","55","40","41","52","18","0","bye","0","0","34","20","31","0","471","36.2"
"Brandin Cooks","WR","DAL","50","57","64","46","0","0","bye","0","0","0","0","0","30","36","46","46","42","54","471","47.1"
"Noah Brown","WR","WAS","0","20","34","48","0","38","42","60","31","57","51","51","38","bye","0","0","0","0","470","42.7"
"Kenneth Walker III","RB","SEA","44","0","0","53","39","54","28","28","61","bye","44","41","39","0","0","38","0","0","469","42.6"
"Joe Flacco","QB","IND","0","0","0","53","70","70","0","1","54","64","0","0","0","bye","0","0","77","78","467","58.4"
"Jonathan Mingo","WR","Multi","33","30","49","56","41","30","11","33","15","0","24","15","26","14","13","15","30","27","462","27.2"
"Michael Mayer","TE","LV","34","39","31","0","0","0","0","0","0","bye","34","34","43","54","47","45","58","41","460","41.8"
"Charlie Woerner","TE","ATL","23","16","19","17","13","25","11","35","26","38","0","bye","47","35","40","34","34","44","457","28.6"
"Jordan Akins","TE","CLE","43","35","45","28","20","5","18","15","25","bye","16","24","20","13","33","31","44","41","456","26.8"
"Kendrick Bourne","WR","NE","0","0","0","0","16","34","37","52","54","0","36","41","46","bye","27","51","38","24","456","38.0"
"Ricky Pearsall","WR","SF","0","0","0","0","0","0","48","40","bye","41","37","33","35","30","30","46","45","70","455","41.4"
"Tip Reiman","TE","ARI","20","38","20","25","26","12","30","29","29","35","bye","20","34","23","30","26","24","29","450","26.5"
"Jaylen Warren","RB","PIT","21","32","23","0","0","25","35","26","bye","35","26","39","25","34","23","40","40","23","447","29.8"
"Devaughn Vele","WR","DEN","34","0","0","0","0","34","28","25","29","38","42","44","31","bye","38","36","30","38","447","34.4"
"Dallas Goedert","TE","PHI","62","69","62","36","bye","3","0","0","0","43","63","55","40","0","0","0","0","13","446","44.6"
"Alexander Mattison","RB","LV","36","14","28","21","40","43","55","38","24","bye","20","0","0","0","22","42","24","37","444","31.7"
"Drew Ogletree","TE","IND","12","14","20","24","26","21","25","18","32","22","25","30","32","bye","30","35","41","32","439","25.8"
"Ja'Lynn Polk","WR","NE","35","41","26","53","60","43","34","0","9","26","31","23","20","bye","20","3","12","0","436","29.1"
"Patrick Ricard","RB","BAL","19","18","32","35","25","35","21","11","36","20","22","35","19","bye","21","17","37","32","435","25.6"
"Johnny Mundt","TE","MIN","29","38","51","41","39","bye","40","31","19","18","19","33","22","10","20","10","8","6","434","25.5"
"Greg Dortch","WR","ARI","37","23","39","43","24","36","17","25","22","15","bye","12","19","27","18","21","25","29","432","25.4"
"Cedric Tillman","WR","CLE","26","26","22","9","20","21","69","62","76","bye","70","31","0","0","0","0","0","0","432","39.3"
"Stefon Diggs","WR","HOU","61","50","57","62","59","52","52","38","0","0","0","0","0","bye","0","0","0","0","431","53.9"
"Kylen Granson","TE","IND","25","33","27","20","18","17","14","20","24","24","32","35","32","bye","27","19","31","32","430","25.3"
"Jalen Coker","WR","CAR","0","0","0","7","32","43","22","42","24","53","bye","0","0","0","48","56","41","62","430","39.1"
"Payne Durham","TE","TB","17","16","12","15","12","24","0","11","16","17","bye","24","31","25","30","67","59","54","430","26.9"
"Adam Thielen","WR","CAR","41","45","23","0","0","0","0","0","0","0","bye","38","51","53","47","40","40","51","429","42.9"
"Aidan O'Connell","QB","LV","0","0","13","0","26","63","14","0","0","bye","0","0","68","44","0","74","77","48","427","47.4"
"Tutu Atwell","WR","LAR","6","10","43","55","63","bye","43","9","26","13","7","17","22","35","20","11","9","36","425","25.0"
"JuJu Smith-Schuster","WR","KC","12","13","41","32","56","bye","7","0","0","0","20","41","40","34","38","27","31","32","424","30.3"
"T.J. Hockenson","TE","MIN","0","0","0","0","0","bye","0","0","33","39","35","48","34","37","50","46","50","51","423","42.3"
"Nelson Agholor","WR","BAL","30","36","38","29","37","32","28","30","19","31","24","29","40","bye","17","0","0","0","420","30.0"
"Nate Adkins","TE","DEN","14","12","25","28","32","15","19","35","27","21","30","20","26","bye","29","21","22","44","420","24.7"
"Luke McCaffrey","WR","WAS","36","40","20","32","44","22","26","25","23","26","20","18","24","bye","12","9","22","20","419","24.6"
"Deshaun Watson","QB","CLE","76","69","65","59","57","56","33","0","0","bye","0","0","0","0","0","0","0","0","415","59.3"
"Justice Hill","RB","BAL","43","35","26","20","41","26","27","34","19","22","30","26","36","bye","22","7","0","0","414","27.6"
"Malik Washington","WR","MIA","0","0","0","14","20","bye","25","16","21","18","27","23","27","30","40","58","52","43","414","29.6"
"Elijah Higgins","TE","ARI","25","36","19","40","24","18","21","19","25","29","bye","18","25","16","24","19","22","31","411","24.2"
"Luke Schoonmaker","TE","DAL","19","28","25","19","20","21","bye","2","1","11","44","43","50","23","28","20","21","36","411","24.2"
"Ameer Abdullah","RB","LV","0","8","22","0","31","19","13","17","30","bye","22","69","42","26","31","32","48","0","410","29.3"
"Austin Ekeler","RB","WAS","31","31","13","0","33","44","28","42","29","45","34","44","0","bye","0","0","0","35","409","34.1"
"Justin Fields","QB","PIT","68","66","68","70","56","67","0","0","bye","0","3","7","2","0","1","0","0","0","408","40.8"
"Cade Stover","TE","HOU","15","14","19","24","24","34","31","34","35","29","29","20","37","bye","0","0","19","36","400","26.7"
"Nick Vannett","TE","TEN","16","20","15","32","bye","19","32","31","36","14","36","31","11","28","26","16","13","23","399","23.5"
"Chris Godwin","WR","TB","50","38","51","66","52","72","70","0","0","0","bye","0","0","0","0","0","0","0","399","57.0"
"Diontae Johnson","WR","Multi","39","45","58","58","48","59","30","0","17","5","11","6","0","0","0","0","0","22","398","33.2"
"Spencer Rattler","QB","NO","0","0","0","0","0","70","65","45","0","0","0","bye","0","0","34","56","60","66","396","56.6"
"Jeremy Ruckert","TE","NYJ","17","21","33","24","24","30","17","23","21","20","15","bye","17","20","39","20","21","31","393","23.1"
"Luke Farrell","TE","JAC","14","28","27","27","27","17","31","13","14","16","14","bye","20","23","27","32","29","31","390","22.9"
"David Montgomery","RB","DET","30","30","35","21","bye","21","22","23","32","26","31","21","38","36","24","0","0","0","390","27.9"
"Troy Franklin","WR","DEN","0","12","17","19","11","36","33","27","29","20","27","27","27","bye","29","26","20","26","386","24.1"
"Cedrick Wilson Jr.","WR","NO","29","12","25","14","12","36","48","0","37","0","10","bye","23","25","20","31","32","30","384","25.6"
"Adonai Mitchell","WR","IND","29","33","7","13","19","15","14","13","5","60","12","12","36","bye","37","55","7","16","383","22.5"
"John Metchie III","WR","HOU","0","0","0","9","3","25","23","20","50","44","39","40","31","bye","21","0","40","36","381","29.3"
"Devin Singletary","RB","NYG","50","44","49","47","0","0","12","28","18","17","bye","21","13","14","23","13","15","16","380","25.3"
"Curtis Samuel","WR","BUF","17","12","17","22","34","25","2","0","17","66","44","bye","22","36","19","0","0","45","378","27.0"
"Jordan Mason","RB","SF","58","57","53","47","41","18","54","11","bye","3","2","9","25","0","0","0","0","0","378","31.5"
"Eric Saubert","TE","SF","19","26","61","18","13","18","14","14","bye","12","61","13","2","17","17","10","13","49","377","22.2"
"Jalen Brooks","WR","DAL","13","28","13","8","37","49","bye","41","56","35","0","19","23","0","20","0","13","16","371","26.5"
"Johnny Wilson","WR","PHI","10","19","24","32","bye","4","11","6","35","18","13","51","0","29","23","9","20","65","369","23.1"
"Daniel Bellinger","TE","NYG","16","4","26","13","14","14","7","1","14","8","bye","17","4","61","46","39","50","31","365","21.5"
"Durham Smythe","TE","MIA","30","33","18","18","27","bye","17","19","26","25","23","25","14","14","16","24","17","18","364","21.4"
"Evan Engram","TE","JAC","36","0","0","0","0","38","34","47","43","37","36","bye","50","42","0","0","0","0","363","40.3"
"Robert Woods","WR","HOU","12","9","13","54","16","0","0","24","39","24","20","13","21","bye","24","34","21","37","361","24.1"
"Antonio Gibson","RB","NE","14","16","19","22","28","32","10","13","8","7","13","30","17","bye","16","43","29","42","359","21.1"
"Mason Tipton","WR","NO","17","15","18","29","19","29","58","56","60","29","0","bye","0","0","0","28","0","0","358","32.5"
"Brandon Aiyuk","WR","SF","43","61","57","50","59","62","25","0","bye","0","0","0","0","0","0","0","0","0","357","51.0"
"Jacoby Brissett","QB","NE","65","68","36","64","60","0","0","47","0","0","0","0","1","bye","0","0","10","0","351","43.9"
"Tank Bigsby","RB","JAC","17","0","9","17","23","17","40","38","28","10","0","bye","32","31","22","19","23","25","351","23.4"
"Jalin Hyatt","WR","NYG","16","12","10","13","48","64","3","0","4","55","bye","25","18","18","20","12","10","18","346","21.6"
"Josh Whyle","TE","TEN","18","28","25","35","bye","23","26","31","12","22","14","22","12","5","18","9","8","37","345","20.3"
"Chris Manhertz","TE","NYG","20","26","27","29","19","19","8","11","16","25","bye","12","21","15","27","16","25","26","342","20.1"
"Alec Ingold","RB","MIA","29","24","26","18","42","bye","27","27","19","0","0","9","18","17","16","25","23","17","337","22.5"
"Christian Kirk","WR","JAC","38","53","52","45","31","46","35","37","0","0","0","bye","0","0","0","0","0","0","337","42.1"
"DJ Turner","WR","LV","5","8","8","25","52","42","75","31","0","bye","28","48","15","0","0","0","0","0","337","30.6"
"Hunter Luepke","RB","DAL","20","10","30","29","23","22","bye","25","17","16","0","15","32","10","23","20","14","22","328","20.5"
"Kevin Austin Jr.","WR","NO","0","0","0","0","0","0","0","0","0","26","41","bye","43","44","41","50","42","36","323","40.4"
"Drew Lock","QB","NYG","0","0","0","0","0","0","12","0","0","0","bye","1","63","77","0","59","56","53","321","45.9"
"Tyjae Spears","RB","TEN","29","22","20","27","bye","12","0","0","0","25","26","0","14","24","39","37","45","0","320","26.7"
"Jake Bobo","WR","SEA","20","14","19","27","2","12","29","39","42","bye","6","15","19","17","15","12","14","17","319","18.8"
"Ty Johnson","RB","BUF","14","7","18","11","21","25","12","15","19","22","33","bye","16","21","21","23","21","17","316","18.6"
"Chris Olave","WR","NO","52","42","45","58","50","2","0","58","8","0","0","bye","0","0","0","0","0","0","315","39.4"
"KaVontae Turpin","WR","DAL","6","19","18","7","22","32","bye","14","17","8","23","14","14","10","14","25","33","39","315","18.5"
"Tyler Huntley","QB","MIA","0","0","0","60","78","bye","46","0","0","0","0","0","0","0","0","0","60","70","314","62.8"
"Josh Reynolds","WR","Multi","55","41","35","26","30","0","0","0","0","0","0","0","0","0","28","29","28","40","312","34.7"
"Ben Sinnott","TE","WAS","13","13","26","30","24","11","31","16","24","13","6","21","24","bye","42","5","8","4","311","18.3"
"Dare Ogunbowale","RB","HOU","13","20","28","29","46","18","15","13","29","15","8","13","9","bye","11","16","15","12","310","18.2"
"Davis Allen","TE","LAR","6","0","0","0","3","bye","12","28","42","56","34","31","18","22","15","12","10","20","309","22.1"
"Andy Dalton","QB","CAR","5","0","74","70","51","66","40","0","0","0","bye","0","0","0","0","0","0","0","306","51.0"
"Trey Palmer","WR","TB","20","10","12","11","0","0","59","51","27","15","bye","17","15","7","17","13","23","8","305","20.3"
"Brevyn Spann-Ford","TE","DAL","19","22","9","5","15","13","bye","19","16","6","41","33","32","11","22","13","9","20","305","17.9"
"Michael Woods II","WR","CLE","0","0","0","0","0","0","0","0","0","bye","0","0","66","63","62","45","68","0","304","60.8"
"Kenneth Gainwell","RB","PHI","15","7","14","25","bye","13","24","9","22","22","13","23","7","14","31","14","15","33","301","17.7"
"Lucas Krull","TE","DEN","0","0","0","0","18","33","29","27","21","12","18","21","22","bye","24","28","24","22","299","23.0"
"Zack Moss","RB","CIN","33","51","47","40","45","24","27","30","0","0","0","bye","0","0","0","0","0","0","297","37.1"
"Marvin Mims Jr.","WR","DEN","12","9","16","10","12","17","12","21","25","13","14","16","23","bye","16","30","28","23","297","17.5"
"Justin Watson","WR","KC","28","29","0","0","0","bye","51","0","59","0","0","48","0","0","42","39","0","0","296","42.3"
"Samaje Perine","RB","KC","8","9","28","25","21","bye","15","22","24","16","11","24","18","17","19","14","12","13","296","17.4"
"Jaleel McLaughlin","RB","DEN","24","17","18","21","23","14","14","23","23","7","9","20","24","bye","15","0","14","30","296","18.5"
"Najee Harris","RB","PIT","38","0","40","48","0","0","0","39","bye","37","0","0","36","27","0","0","0","30","295","36.9"
"Tyler Allgeier","RB","ATL","10","13","13","21","31","29","17","22","14","18","4","bye","24","13","15","18","8","17","287","16.9"
"Rashid Shaheed","WR","NO","45","39","42","57","46","57","0","0","0","0","0","bye","0","0","0","0","0","0","286","47.7"
"Braelon Allen","RB","NYJ","9","20","23","27","19","12","5","19","17","14","9","bye","19","37","10","10","19","14","283","16.6"
"Cam Akers","RB","Multi","0","13","29","30","22","2","0","0","16","26","27","11","16","19","21","7","23","20","282","18.8"
"Hunter Long","TE","LAR","3","10","26","13","17","bye","16","30","26","9","18","13","19","18","22","19","13","7","279","16.4"
"Raheem Mostert","RB","MIA","31","0","0","0","44","bye","23","30","14","8","10","21","25","0","26","21","24","1","278","21.4"
"Jordan Whittington","WR","LAR","2","26","22","59","72","bye","9","0","0","5","5","0","6","10","10","12","9","31","278","19.9"
"Tylan Wallace","WR","BAL","9","7","14","10","14","5","10","6","20","12","9","7","40","bye","14","25","22","51","275","16.2"
"Ryan Miller","WR","TB","0","0","0","0","0","32","0","30","34","52","bye","15","9","4","15","33","43","8","275","25.0"
"Adam Prentice","RB","NO","24","26","22","24","7","12","13","12","21","18","20","bye","13","26","10","6","6","12","272","16.0"
"Roschon Johnson","RB","CHI","0","0","33","22","23","18","bye","17","28","20","30","29","2","0","0","17","20","13","272","20.9"
"MyCole Pruitt","TE","PIT","40","28","0","0","0","0","30","15","bye","34","0","32","25","20","12","14","10","11","271","22.6"
"Ray Davis","RB","BUF","6","14","12","10","2","40","13","17","9","11","15","bye","19","13","18","14","16","35","264","15.5"
"Pharaoh Brown","TE","SEA","0","0","30","28","8","10","18","15","7","bye","22","29","26","16","10","21","18","6","264","17.6"
"Emanuel Wilson","RB","GB","16","13","26","30","15","23","12","12","13","bye","3","15","4","3","6","25","20","27","263","15.5"
"C.J. Ham","RB","MIN","19","10","12","17","23","bye","10","8","13","19","22","19","15","20","16","13","14","12","262","15.4"
"Ezekiel Elliott","RB","DAL","32","28","15","10","23","28","bye","28","0","13","26","13","9","6","14","3","10","0","258","17.2"
"Zay Jones","WR","ARI","0","0","0","0","0","0","11","17","11","23","bye","22","32","24","21","27","31","38","257","23.4"
"Bo Melton","WR","GB","8","16","17","11","29","27","8","12","11","bye","5","23","9","9","2","22","16","26","251","14.8"
"K.J. Osborn","WR","Multi","40","51","39","42","0","0","22","9","0","29","0","0","0","0","0","0","19","0","251","31.4"
"Charlie Kolar","TE","BAL","8","14","26","19","21","22","21","10","22","27","9","32","0","bye","0","0","0","20","251","19.3"
"Jeremy McNichols","RB","WAS","0","1","8","27","15","22","17","5","24","19","11","17","21","bye","22","19","22","1","251","15.7"
"Gerald Everett","TE","CHI","34","25","30","20","22","18","bye","21","15","14","8","3","2","8","11","6","5","4","246","14.5"
"Trey Sermon","RB","IND","2","18","5","17","41","42","32","10","14","2","5","2","5","bye","18","9","7","16","245","14.4"
"Simi Fehoko","WR","LAC","9","28","33","12","bye","40","61","52","9","0","0","0","0","0","0","0","0","0","244","30.5"
"Chris Conley","WR","SF","29","9","20","5","0","6","44","52","bye","0","3","4","3","15","3","4","4","38","239","15.9"
"Nick Chubb","RB","CLE","0","0","0","0","0","0","30","41","28","bye","22","38","29","26","21","0","0","0","235","29.4"
"KhaDarel Hodge","WR","ATL","2","0","2","3","16","8","18","1","46","1","26","bye","6","1","5","0","25","71","231","15.4"
"Erick All Jr.","TE","CIN","12","33","21","40","35","23","28","24","15","0","0","bye","0","0","0","0","0","0","231","25.7"
"Michael Penix Jr.","QB","ATL","0","0","0","0","0","0","7","0","0","0","13","bye","0","0","0","67","64","79","230","46.0"
"Isaac Guerendo","RB","SF","3","1","10","5","9","17","5","43","bye","3","2","0","11","34","41","0","39","4","227","15.1"
"Taysom Hill","TE","NO","21","28","0","15","0","0","0","29","35","23","33","bye","41","0","0","0","0","0","225","28.1"
"Miles Sanders","RB","CAR","22","20","31","22","23","15","11","21","12","6","bye","0","0","0","0","0","0","41","224","20.4"
"Ben Sims","TE","GB","1","6","2","2","19","28","16","25","12","bye","17","24","15","18","16","13","3","7","224","13.2"
"Gus Edwards","RB","LAC","24","33","16","14","bye","0","0","0","0","15","11","16","24","26","14","30","0","0","223","20.3"
"Marcedes Lewis","TE","CHI","9","10","21","19","17","13","bye","10","10","14","12","16","15","6","17","12","7","12","220","12.9"
"Isiah Pacheco","RB","KC","43","43","0","0","0","bye","0","0","0","0","0","0","26","32","28","26","20","0","218","31.1"
"Malik Willis","QB","GB","2","70","63","0","0","0","0","26","0","bye","0","4","0","0","0","9","0","43","217","31.0"
"Quintin Morris","TE","BUF","6","6","9","8","4","4","3","10","8","26","28","bye","24","0","2","0","14","62","214","14.3"
"Brandon Powell","WR","MIN","30","32","27","23","6","bye","2","6","19","11","17","6","3","10","7","4","4","6","213","12.5"
"Harrison Bryant","TE","LV","4","7","3","45","32","36","23","0","17","bye","0","0","0","14","7","5","9","11","213","16.4"
"Kalif Raymond","WR","DET","37","31","5","6","bye","24","16","15","22","16","25","10","0","0","0","0","0","4","211","17.6"
"Scotty Miller","WR","PIT","17","14","38","9","13","14","7","11","bye","0","7","0","0","34","10","26","10","0","210","16.2"
"Rakim Jarrett","WR","TB","0","0","0","0","0","0","0","20","46","50","bye","21","11","10","7","13","25","7","210","21.0"
"Gabe Davis","WR","JAC","50","57","54","0","0","0","0","9","0","38","0","bye","0","0","0","0","0","0","208","41.6"
"Dorian Thompson-Robinson","QB","CLE","0","0","0","0","0","0","38","0","0","bye","4","1","0","0","14","66","79","6","208","29.7"
"Connor Heyward","TE","PIT","5","14","11","18","13","24","10","15","bye","9","20","14","5","11","6","6","21","5","207","12.2"
"Blake Whiteheart","TE","CLE","0","24","18","21","15","0","0","0","0","bye","0","10","16","13","23","12","34","21","207","18.8"
"Tucker Fisk","TE","LAC","0","0","0","0","bye","0","0","0","0","23","24","18","20","21","14","28","32","26","206","22.9"
"Jack Stoll","TE","Multi","0","0","13","22","0","39","44","35","31","17","0","0","0","0","0","1","1","0","203","22.6"
"Carson Steele","RB","KC","5","14","46","11","16","bye","14","8","14","13","8","11","3","6","3","6","0","23","201","12.6"
"Deebo Samuel Sr.","WR","SF","53","60","0","0","0","0","4","42","bye","0","0","0","36","0","0","0","0","0","195","39.0"
"D'Onta Foreman","RB","CLE","1","27","11","13","21","20","11","13","0","bye","0","0","0","0","0","2","37","39","195","17.7"
"Pierre Strong Jr.","RB","CLE","18","10","0","0","5","30","42","14","12","bye","7","0","0","7","6","13","28","0","192","16.0"
"D'Ernest Johnson","RB","JAC","0","17","12","12","13","35","21","19","13","4","13","bye","0","0","0","13","7","13","192","14.8"
"Devin Duvernay","WR","JAC","5","3","11","6","7","0","0","0","0","0","14","bye","40","29","39","21","9","6","190","15.8"
"Joshua Palmer","WR","LAC","46","30","0","0","bye","0","0","0","0","0","51","57","0","0","0","0","0","0","184","46.0"
"Chris Brooks","RB","GB","0","0","4","0","0","10","8","17","17","bye","10","25","15","14","16","22","8","18","184","14.2"
"Ashton Dulin","WR","IND","11","24","14","11","15","11","15","10","10","12","16","10","0","bye","0","9","6","8","182","12.1"
"Xavier Gipson","WR","NYJ","30","6","15","14","2","13","1","6","10","24","27","bye","19","1","1","0","9","4","182","11.4"
"Stone Smartt","TE","LAC","5","4","0","1","bye","10","7","1","0","0","7","3","7","22","35","39","26","14","181","12.9"
"Jamaal Williams","RB","NO","22","15","10","11","8","3","12","23","0","0","0","bye","4","5","6","10","25","24","178","12.7"
"Michael Burton","RB","DEN","10","7","13","13","11","4","11","11","10","10","5","8","13","bye","7","10","8","24","175","10.3"
"Hayden Hurst","TE","LAC","35","38","28","35","bye","7","0","0","8","9","0","0","0","0","0","8","0","6","174","19.3"
"Patrick Taylor Jr.","RB","SF","0","0","0","0","0","16","0","5","bye","0","0","0","0","20","3","51","13","64","172","24.6"
"Jaylen Wright","RB","MIA","0","18","13","28","25","bye","6","3","9","9","18","13","1","14","3","0","2","9","171","11.4"
"Tim Jones","WR","JAC","1","0","6","5","14","10","10","27","14","6","4","bye","18","14","11","6","12","11","169","10.6"
"Kimani Vidal","RB","LAC","0","0","0","0","bye","19","18","11","11","0","0","0","12","32","35","21","9","1","169","16.9"
"Christian McCaffrey","RB","SF","0","0","0","0","0","0","0","0","bye","56","59","40","12","0","0","0","0","0","167","41.8"
"Emari Demercado","RB","ARI","13","7","12","14","13","31","6","8","14","7","bye","9","22","8","0","0","0","0","164","12.6"
"Malik Heath","WR","GB","0","0","11","10","45","17","1","1","0","bye","3","15","1","6","0","0","15","39","164","13.7"
"DK Metcalf","WR","SEA","59","0","53","0","0","0","0","0","0","bye","0","0","0","0","0","0","46","0","158","52.7"
"Ryan Flournoy","WR","DAL","0","0","0","0","10","2","bye","2","17","16","54","10","0","1","0","24","13","7","156","14.2"
"Rashee Rice","WR","KC","42","54","55","4","0","bye","0","0","0","0","0","0","0","0","0","0","0","0","155","38.8"
"Zamir White","RB","LV","23","40","14","35","0","0","11","2","7","bye","22","0","0","0","0","0","0","0","154","19.3"
"Ty Chandler","RB","MIN","19","19","22","8","46","bye","11","2","0","12","1","0","5","0","1","0","7","0","153","12.8"
"Derius Davis","WR","LAC","7","14","9","0","bye","19","0","0","2","2","7","7","12","22","2","8","14","23","148","10.6"
"Dante Pettis","WR","NO","0","0","0","0","0","0","0","0","0","7","7","bye","14","21","26","37","16","20","148","18.5"
"Treylon Burks","WR","TEN","44","33","26","35","bye","9","0","0","0","0","0","0","0","0","0","0","0","0","147","29.4"
"Greg Dulcich","TE","Multi","46","33","17","24","0","0","0","0","0","0","0","0","0","1","7","8","1","10","147","16.3"
"Luke Musgrave","TE","GB","17","31","35","25","0","0","0","0","0","bye","0","0","0","0","0","8","12","17","145","20.7"
"Bub Means","WR","NO","6","6","0","6","1","50","62","14","0","0","0","bye","0","0","0","0","0","0","145","20.7"
"Jamari Thrash","WR","CLE","0","0","0","0","0","0","7","0","4","bye","14","12","15","0","11","18","30","32","143","15.9"
"Geoff Swaim","TE","CLE","0","0","11","24","21","19","21","22","12","bye","10","0","0","0","0","0","0","0","140","17.5"
"Parris Campbell","WR","PHI","0","15","36","48","bye","0","13","0","0","0","0","0","28","0","0","0","0","0","140","28.0"
"Terrace Marshall Jr.","WR","LV","0","0","0","0","0","0","0","0","0","bye","7","0","16","15","26","34","28","14","140","20.0"
"Khalil Herbert","RB","Multi","6","6","9","0","3","3","0","0","0","2","4","0","6","7","3","2","18","70","139","10.7"
"Reggie Gilliam","RB","BUF","4","5","7","5","5","5","0","9","0","0","9","bye","14","3","12","18","15","28","139","9.9"
"Audric Estime","RB","DEN","3","0","0","0","0","2","6","5","7","26","14","5","8","bye","13","13","18","18","138","10.6"
"Jalen Reagor","WR","LAC","0","0","0","0","bye","0","15","20","19","18","13","21","13","19","0","0","0","0","138","17.3"
"Trey Benson","RB","ARI","8","22","2","11","0","11","4","4","16","16","bye","9","13","10","11","0","0","0","137","10.5"
"DeAndre Carter","WR","CHI","13","50","57","0","0","4","bye","3","0","1","3","4","2","0","0","0","0","0","137","15.2"
"Kenny Pickett","QB","PHI","0","0","0","0","bye","0","12","0","0","14","0","2","0","0","0","62","44","0","134","26.8"
"Eric Tomlinson","TE","LAC","7","15","4","7","bye","28","22","25","16","0","0","0","0","0","9","0","0","0","133","14.8"
"Hassan Haskins","RB","LAC","0","5","0","2","bye","3","3","1","0","5","6","31","7","1","1","13","28","27","133","9.5"
"Tyler Goodson","RB","IND","0","9","2","1","29","27","30","2","1","9","2","0","1","bye","5","6","2","6","132","8.8"
"C.J. Uzomah","TE","PHI","0","0","0","0","bye","0","0","0","0","0","3","16","20","14","26","30","23","0","132","18.9"
"Desmond Ridder","QB","LV","0","0","0","0","0","0","0","0","26","bye","0","13","0","23","67","0","0","3","132","26.4"
"Michael Carter","RB","ARI","0","0","0","0","0","0","0","0","0","0","bye","0","0","0","0","25","57","50","132","44.0"
"Jermaine Burton","WR","CIN","4","10","3","4","1","0","3","24","0","39","18","bye","2","9","3","6","5","0","131","9.4"
"Trenton Irwin","WR","CIN","33","35","0","0","0","3","0","16","22","12","4","bye","0","0","0","0","0","0","125","17.9"
"River Cracraft","WR","MIA","0","0","0","0","0","bye","0","0","0","4","6","16","9","0","22","18","20","25","120","15.0"
"Tanner Hudson","TE","CIN","9","0","0","0","0","4","5","8","20","29","9","bye","12","14","5","0","0","4","119","10.8"
"Odell Beckham Jr.","WR","MIA","0","0","0","0","11","bye","11","11","12","17","16","17","14","10","0","0","0","0","119","13.2"
"Blake Corum","RB","LAR","0","8","0","0","11","bye","6","8","1","5","10","6","18","13","9","9","3","12","119","8.5"
"Jamison Crowder","WR","WAS","3","0","9","0","0","0","0","0","0","0","0","0","0","bye","21","31","34","20","118","19.7"
"Ronnie Bell","WR","SF","13","6","30","0","10","0","24","15","bye","10","0","5","0","0","0","0","0","0","113","14.1"
"Tyquan Thornton","WR","NE","38","31","17","13","1","0","0","12","0","0","0","0","0","bye","0","0","0","0","112","18.7"
"Braxton Berrios","WR","MIA","26","34","17","15","15","bye","5","0","0","0","0","0","0","0","0","0","0","0","112","18.7"
"Sean Tucker","RB","TB","2","0","1","6","0","29","16","7","7","0","bye","5","0","11","8","0","15","5","112","9.3"
"Dameon Pierce","RB","HOU","9","0","0","0","0","18","7","4","0","0","4","0","7","bye","7","4","14","37","111","11.1"
"Cordarrelle Patterson","RB","PIT","9","4","23","9","0","0","0","0","bye","8","12","8","10","9","6","3","1","8","110","8.5"
"Isaiah Davis","RB","NYJ","0","0","3","0","0","0","1","0","0","2","0","bye","12","36","24","10","14","8","110","12.2"
"Shane Zylstra","TE","DET","0","0","0","0","bye","0","3","13","9","19","19","6","5","16","1","1","8","9","109","9.1"
"Eric Gray","RB","NYG","7","0","3","5","26","14","6","3","0","2","bye","15","4","0","3","9","5","6","108","7.7"
"Jacob Cowing","WR","SF","0","0","0","4","0","1","12","12","bye","3","1","0","1","3","4","10","5","50","106","8.8"
"Kenny Yeboah","TE","NYJ","0","0","0","0","0","0","0","0","4","5","3","bye","2","12","29","12","14","25","106","11.8"
"Jordan Mims","RB","NO","5","3","1","0","0","16","0","0","12","8","11","bye","0","0","0","25","0","24","105","11.7"
"Ross Dwelley","TE","ATL","2","2","3","1","0","9","8","5","3","0","26","bye","1","9","29","6","0","1","105","7.5"
"Ko Kieft","TE","TB","2","1","1","3","2","1","6","1","2","3","bye","5","9","6","19","12","20","11","104","6.1"
"Kendre Miller","RB","NO","0","0","0","0","0","0","20","10","0","0","0","bye","0","18","26","22","8","0","104","17.3"
"Mitchell Trubisky","QB","BUF","0","4","8","8","1","0","0","7","0","1","0","bye","15","0","0","0","10","48","102","11.3"
"Teagan Quitoriano","TE","HOU","0","0","0","0","0","9","13","24","14","17","19","6","0","bye","0","0","0","0","102","14.6"
"Ben Skowronek","WR","PIT","0","6","0","0","0","0","0","0","bye","5","20","2","23","20","10","10","0","5","101","11.2"
"Trent Sherfield Sr.","WR","MIN","17","16","0","22","0","bye","0","0","10","12","0","11","0","0","12","0","0","0","100","14.3"
"Marcus Mariota","QB","WAS","0","0","0","0","9","0","59","0","0","0","0","0","0","bye","0","0","0","32","100","33.3"
"Trey Lance","QB","DAL","0","0","0","0","0","0","bye","0","0","15","0","2","0","0","0","0","3","78","98","24.5"
"Craig Reynolds","RB","DET","0","3","2","2","bye","11","2","6","3","0","6","3","0","1","0","10","24","23","96","7.4"
"Ainias Smith","WR","PHI","0","0","0","0","bye","0","0","8","5","18","6","7","0","0","0","0","5","47","96","13.7"
"E.J. Jenkins","TE","PHI","3","2","0","0","bye","0","0","0","11","0","0","0","0","2","9","6","11","51","95","11.9"
"Jared Wiley","TE","KC","11","12","16","10","18","bye","10","17","0","0","0","0","0","0","0","0","0","0","94","13.4"
"Ian Thomas","TE","CAR","0","0","0","0","0","22","21","17","21","13","bye","0","0","0","0","0","0","0","94","18.8"
"Will Mallory","TE","IND","0","0","0","11","16","10","3","12","3","12","0","0","5","bye","18","3","0","0","93","9.3"
"Tommy DeVito","QB","NYG","0","0","0","0","0","0","0","0","0","0","bye","58","0","1","32","0","0","0","91","30.3"
"Javon Baker","WR","NE","0","6","0","0","0","0","0","0","4","4","5","11","2","bye","0","8","11","39","90","10.0"
"Sincere McCormick","RB","LV","0","0","0","0","0","0","0","0","0","bye","0","8","26","41","14","0","0","0","89","22.3"
"Tanner McKee","QB","PHI","0","0","0","0","bye","0","0","0","0","0","0","0","0","0","0","0","21","68","89","44.5"
"Josiah Deguara","TE","JAC","0","0","11","2","10","3","3","1","1","0","0","bye","0","3","15","17","11","10","87","7.3"
"Tim Boyle","QB","Multi","0","0","26","0","0","0","23","0","0","0","0","0","0","0","36","0","0","0","85","28.3"
"Irv Smith Jr.","TE","HOU","0","0","0","0","0","0","0","0","0","0","0","0","17","bye","23","18","9","18","85","17.0"
"Julius Chestnut","RB","TEN","0","1","0","0","bye","3","8","14","13","0","0","2","1","2","0","0","25","15","84","8.4"
"Jaheim Bell","TE","NE","0","1","0","0","0","6","1","8","3","2","4","8","4","bye","4","5","7","30","83","6.4"
"Malachi Corley","WR","NYJ","1","1","0","0","0","0","0","6","6","16","12","bye","41","0","0","0","0","0","83","11.9"
"Jake Haener","QB","NO","6","6","0","0","9","0","5","28","0","0","2","bye","0","5","21","0","0","0","82","10.3"
"Skyy Moore","WR","KC","10","5","15","13","6","bye","33","0","0","0","0","0","0","0","0","0","0","0","82","13.7"
"Ronnie Rivers","RB","LAR","7","3","6","13","0","bye","0","0","0","0","0","0","0","0","0","0","0","52","81","16.2"
"Joshua Dobbs","QB","SF","0","0","0","0","0","0","0","0","bye","0","0","0","0","0","0","0","5","76","81","40.5"
"Tyler Johnson","WR","LAR","51","0","29","0","0","bye","0","0","0","0","0","0","0","0","0","0","0","0","80","40.0"
"Chris Rodriguez Jr.","RB","WAS","0","0","0","0","0","0","0","0","20","5","0","0","23","bye","3","7","18","1","77","11.0"
"Travis Homer","RB","CHI","11","20","0","0","0","0","bye","0","0","0","1","0","19","7","17","0","0","0","75","12.5"
"Kenny McIntosh","RB","SEA","0","2","10","0","0","0","1","0","0","bye","0","0","0","15","9","12","13","13","75","9.4"
"Cam Grandy","TE","CIN","0","0","0","0","0","0","0","0","0","4","1","bye","9","17","8","11","16","9","75","9.4"
"Dallin Holker","TE","NO","0","0","0","0","5","5","3","0","12","6","8","bye","4","6","3","2","5","14","73","6.1"
"John FitzPatrick","TE","GB","0","0","0","0","0","0","0","6","1","bye","3","14","0","6","9","26","3","5","73","8.1"
"Davis Mills","QB","HOU","0","0","13","0","0","3","0","0","0","0","0","0","0","bye","0","0","7","49","72","18.0"
"Alex Bachman","WR","LV","0","0","0","1","1","27","36","6","0","bye","0","0","0","0","0","0","0","0","71","14.2"
"Mason Kinsey","WR","TEN","0","0","0","0","bye","0","0","8","0","0","0","0","0","2","4","14","6","37","71","11.8"
"Peyton Hendershot","TE","KC","0","0","0","0","0","bye","0","0","14","6","6","10","0","0","0","0","4","28","68","11.3"
"Zach Pascal","WR","ARI","4","8","1","6","10","8","2","2","3","7","bye","1","0","2","3","0","0","11","68","4.9"
"Brevin Jordan","TE","HOU","40","27","0","0","0","0","0","0","0","0","0","0","0","bye","0","0","0","0","67","33.5"
"Bryce Oliver","WR","TEN","0","0","0","0","bye","0","0","0","5","3","2","10","0","6","14","2","5","20","67","7.4"
"Jimmy Garoppolo","QB","LAR","0","0","0","0","0","bye","0","0","0","0","0","0","0","0","0","0","0","66","66","66.0"
"Will Shipley","RB","PHI","4","0","0","1","bye","0","9","2","1","11","0","0","1","0","0","0","0","36","65","8.1"
"John Samuel Shenker","TE","LV","0","0","0","5","10","8","14","23","0","bye","0","0","0","0","0","1","4","0","65","9.3"
"Isaiah Hodgins","WR","NYG","0","0","0","0","25","15","0","0","0","23","bye","0","0","0","0","0","0","0","63","21.0"
"Cody White","WR","SEA","0","0","0","0","0","0","0","0","35","bye","4","17","6","0","0","0","0","0","62","15.5"
"Raheem Blackshear","RB","CAR","0","0","2","0","3","0","0","0","2","2","bye","2","1","0","0","7","36","6","61","6.8"
"Parker Hesse","TE","DET","9","7","13","7","bye","23","0","0","0","0","0","0","0","0","0","0","0","0","59","11.8"
"Skylar Thompson","QB","MIA","0","21","35","0","0","bye","0","0","0","0","0","2","0","0","0","0","0","0","58","19.3"
"Tyler Higbee","TE","LAR","0","0","0","0","0","bye","0","0","0","0","0","0","0","0","0","14","17","27","58","19.3"
"Xavier Weaver","WR","ARI","0","0","0","0","0","41","0","0","0","0","bye","0","0","0","0","0","0","16","57","28.5"
"Devontez Walker","WR","BAL","0","0","0","0","0","0","0","0","4","0","0","2","0","bye","11","9","16","15","57","9.5"
"Brandon Allen","QB","SF","1","0","0","0","0","0","0","0","bye","0","0","49","0","4","0","0","0","0","54","18.0"
"DeeJay Dallas","RB","ARI","0","0","0","0","0","0","0","0","1","4","bye","0","0","0","12","16","11","10","54","9.0"
"Bailey Zappe","QB","CLE","0","0","0","0","0","0","0","0","0","bye","0","0","0","0","0","0","0","53","53","53.0"
"Laviska Shenault Jr.","WR","Multi","7","3","9","1","5","7","0","7","3","0","1","0","2","0","7","0","0","0","52","4.7"
"Deuce Vaughn","RB","DAL","2","10","5","4","0","0","bye","0","0","0","16","0","0","0","0","0","0","15","52","8.7"
"Deven Thompkins","WR","CAR","0","0","0","0","0","0","0","0","8","6","bye","8","6","11","5","7","0","0","51","7.3"
"Britain Covey","WR","PHI","9","23","7","0","bye","0","0","0","0","0","0","3","8","0","0","0","0","0","50","10.0"
"Mecole Hardman Jr.","WR","KC","0","1","0","0","8","bye","21","0","15","0","0","4","0","0","0","0","0","0","49","9.8"
"Kameron Johnson","WR","TB","11","0","0","25","4","0","0","0","0","0","bye","0","0","0","0","0","7","0","47","11.8"
"Jha'Quan Jackson","WR","TEN","0","1","0","0","bye","1","1","4","23","11","1","2","2","0","0","0","0","0","46","5.1"
"David Martin-Robinson","TE","TEN","0","0","0","0","bye","0","0","0","0","0","0","0","0","5","3","2","5","31","46","9.2"
"Feleipe Franks","QB","CAR","4","0","2","1","4","0","1","0","0","1","bye","14","11","1","1","1","1","3","45","3.5"
"Marquise Brown","WR","KC","0","0","0","0","0","bye","0","0","0","0","0","0","0","0","0","20","25","0","45","22.5"
"Kristian Wilkerson","WR","LV","0","0","0","0","0","27","18","0","0","bye","0","0","0","0","0","0","0","0","45","22.5"
"Ramel Keyton","WR","LV","0","0","0","0","0","0","0","0","27","bye","5","3","0","0","1","4","3","1","44","6.3"
"Clyde Edwards-Helaire","RB","NO","0","0","0","0","0","0","0","0","0","0","0","bye","0","0","0","0","26","18","44","22.0"
"Mike Boone","RB","CAR","5","0","0","0","0","0","0","0","0","0","bye","0","0","0","3","4","11","20","43","8.6"
"Mike Williams","WR","Multi","0","0","0","0","0","0","0","0","0","9","0","0","0","19","0","0","0","14","42","14.0"
"Zach Davidson","TE","BUF","0","0","0","0","0","0","0","0","0","0","11","bye","15","16","0","0","0","0","42","14.0"
"Brenden Bates","TE","Multi","0","4","11","1","10","0","0","0","0","0","0","0","0","0","0","0","3","12","41","6.8"
"Devin Culp","TE","TB","0","0","0","0","0","0","1","1","0","0","bye","0","0","0","0","3","20","16","41","8.2"
"Jared Wayne","WR","HOU","0","0","0","0","0","0","0","0","0","0","0","0","16","bye","0","8","16","0","40","13.3"
"Nikko Remigio","WR","KC","0","0","0","0","0","bye","0","0","0","0","0","0","0","0","5","2","1","31","39","9.8"
"Carson Wentz","QB","KC","0","0","0","0","0","bye","1","0","0","0","0","0","0","0","8","0","0","29","38","12.7"
"Terrell Jennings","RB","NE","0","0","0","0","0","14","0","0","0","0","0","0","0","bye","0","0","0","24","38","19.0"
"Dee Eskridge","WR","MIA","0","0","8","17","0","bye","0","4","2","0","0","0","0","4","0","0","2","0","37","6.2"
"Jalen Virgil","WR","BUF","0","0","0","0","0","0","0","11","3","4","3","bye","15","1","0","0","0","0","37","6.2"
"Jeff Wilson Jr.","RB","MIA","11","11","14","0","0","bye","0","0","0","0","0","0","0","0","0","0","0","0","36","12.0"
"Tyrod Taylor","QB","NYJ","13","0","0","0","0","0","0","0","0","0","0","bye","0","0","0","0","23","0","36","18.0"
"Keaton Mitchell","RB","BAL","0","0","0","0","0","0","0","0","0","2","2","0","0","bye","0","0","17","15","36","9.0"
"Equanimeous St. Brown","WR","NO","0","0","0","0","0","0","1","34","0","0","0","bye","0","0","0","0","0","0","35","17.5"
"Jake Tonges","TE","SF","1","1","16","5","0","1","1","2","bye","2","0","1","0","3","0","0","0","1","34","3.1"
"Brady Russell","TE","SEA","4","6","3","3","2","1","0","4","9","bye","0","0","0","1","0","0","0","0","33","3.7"
"Anthony Firkser","TE","Multi","1","0","0","0","0","6","0","2","0","0","0","0","7","0","9","8","0","0","33","5.5"
"J.J. Taylor","RB","HOU","0","0","10","16","0","0","0","0","6","1","0","0","0","bye","0","0","0","0","33","8.3"
"Xavier Smith","WR","LAR","0","0","0","2","8","bye","5","4","1","0","3","0","2","0","0","3","0","5","33","3.7"
"Hendon Hooker","QB","DET","0","0","0","0","bye","11","0","6","0","0","16","0","0","0","0","0","0","0","33","11.0"
"Austin Trammell","WR","JAC","0","0","0","0","0","0","0","0","33","0","0","bye","0","0","0","0","0","0","33","33.0"
"Collin Johnson","WR","CHI","0","1","2","0","0","0","bye","0","0","0","0","0","2","5","11","6","4","1","32","4.0"
"Tyrell Shavers","WR","BUF","0","0","0","0","16","0","0","0","0","6","0","bye","0","0","0","0","10","0","32","10.7"
"Clayton Tune","QB","ARI","0","6","0","0","0","0","3","0","3","7","bye","0","0","0","7","0","0","5","31","5.2"
"Robbie Chosen","WR","MIA","12","17","0","0","0","bye","0","0","0","0","0","0","0","0","0","0","0","0","29","14.5"
"Rasheen Ali","RB","BAL","0","0","0","0","0","0","0","0","0","0","0","0","0","bye","10","9","5","5","29","7.3"
"Aaron Shampklin","RB","PIT","0","0","0","13","11","4","0","0","bye","0","0","0","0","0","0","0","0","0","28","9.3"
"Dareke Young","WR","SEA","7","0","4","0","0","0","1","4","6","bye","0","0","0","0","3","0","1","1","27","3.4"
"Andrew Beck","TE","Multi","0","0","0","0","3","7","5","0","0","0","0","0","0","0","0","12","0","0","27","6.8"
"Chris Blair","WR","ATL","0","0","0","0","0","0","0","0","0","0","0","bye","0","0","0","25","1","1","27","9.0"
"Charlie Jones","WR","CIN","8","2","2","3","5","2","0","4","0","0","0","bye","0","0","0","0","0","0","26","3.7"
"Jordan Matthews","TE","CAR","20","4","0","0","0","0","0","0","2","0","bye","0","0","0","0","0","0","0","26","8.7"
"Grant DuBose","WR","MIA","0","26","0","0","0","bye","0","0","0","0","0","0","0","0","0","0","0","0","26","26.0"
"Sione Vaki","RB","DET","2","4","1","0","bye","1","0","1","0","0","10","1","0","0","0","5","1","0","26","2.9"
"Tanner Conner","TE","MIA","3","3","8","2","0","bye","0","0","7","2","0","0","0","0","0","0","0","0","25","4.2"
"Brayden Willis","TE","SF","0","0","4","0","0","0","0","1","bye","0","0","1","0","4","0","1","1","13","25","3.6"
"Sam Howell","QB","SEA","0","0","0","0","0","0","1","0","0","bye","0","0","0","0","24","0","0","0","25","12.5"
"Justin Shorter","WR","LV","0","0","0","0","0","0","3","2","4","bye","9","4","1","0","0","0","2","0","25","3.6"
"James Mitchell","TE","DET","0","0","0","0","bye","0","0","0","0","0","25","0","0","0","0","0","0","0","25","25.0"
"Dalvin Cook","RB","DAL","0","0","0","0","0","0","bye","17","7","0","0","0","0","0","0","0","0","0","24","12.0"
"Jonathon Brooks","RB","CAR","0","0","0","0","0","0","0","0","0","0","bye","5","15","3","0","0","0","0","23","7.7"
"Taylor Heinicke","QB","LAC","0","0","10","0","bye","0","0","0","0","0","0","0","0","1","1","0","10","0","22","5.5"
"Jaelon Darden","WR","Multi","0","0","0","0","0","7","11","4","0","0","0","0","0","0","0","0","0","0","22","7.3"
"Jody Fortson Jr.","TE","KC","0","0","0","0","11","bye","10","0","0","0","0","0","0","0","0","0","0","0","21","10.5"
"Tyler Badie","RB","DEN","0","3","13","5","0","0","0","0","0","0","0","0","0","bye","0","0","0","0","21","7.0"
"Brycen Tremayne","WR","WAS","0","0","0","0","5","0","0","0","0","0","0","0","0","bye","0","0","16","0","21","10.5"
"Tyler Scott","WR","CHI","0","3","2","2","3","3","bye","0","1","0","1","0","0","0","4","1","0","0","20","2.2"
"Mike White","QB","BUF","0","0","0","0","0","0","0","0","0","0","0","bye","0","0","0","0","0","20","20","20.0"
"Kyle Trask","QB","TB","2","0","0","0","0","0","0","0","0","0","bye","0","2","0","4","0","11","0","19","4.8"
"Isaiah Williams","WR","Multi","0","0","0","0","0","0","0","0","0","0","0","0","3","4","0","3","4","5","19","3.8"
"Brandon Johnson","WR","PIT","0","0","0","0","5","0","10","4","bye","0","0","0","0","0","0","0","0","0","19","6.3"
"Jase McClellan","RB","ATL","0","0","0","0","0","0","6","0","0","0","13","bye","0","0","0","0","0","0","19","9.5"
"Chris Collier","RB","Multi","0","0","0","0","0","0","0","0","3","0","0","0","0","0","0","0","3","13","19","6.3"
"Kendric Pryor","WR","CIN","0","0","0","0","0","0","0","0","18","0","0","bye","0","0","0","0","0","1","19","9.5"
"Dan Chisena","WR","CAR","0","0","0","0","0","0","0","0","0","0","bye","1","2","6","0","4","3","3","19","3.2"
"Erik Ezukanma","WR","MIA","0","0","11","0","0","bye","0","0","0","0","0","0","0","0","0","7","0","0","18","9.0"
"Kadarius Toney","WR","CLE","0","0","0","0","0","0","0","0","0","bye","6","0","6","5","0","0","0","0","17","5.7"
"Nick Muse","TE","MIN","3","0","0","0","0","bye","0","0","0","0","0","6","8","0","0","0","0","0","17","5.7"
"Jacob Kibodi","RB","CLE","0","0","0","0","0","0","0","0","0","bye","0","0","0","0","0","0","0","17","17","17.0"
"Tom Kennedy","WR","DET","4","5","0","0","bye","0","0","0","0","0","0","0","0","0","0","4","3","0","16","4.0"
"Anthony Gould","WR","IND","7","1","3","0","0","0","0","0","0","0","0","0","0","bye","4","0","0","0","15","3.8"
"Robert Tonyan","TE","MIN","0","0","3","7","1","bye","2","2","0","0","0","0","0","0","0","0","0","0","15","3.0"
"Kaden Davis","WR","CLE","0","0","0","0","0","0","0","0","0","bye","0","0","0","0","0","0","0","15","15","15.0"
"Trent Taylor","WR","SF","0","0","0","0","2","0","0","0","bye","0","0","0","0","0","0","0","0","12","14","7.0"
"Jarrett Stidham","QB","DEN","0","0","0","0","0","0","2","0","0","0","3","0","0","bye","0","0","0","9","14","4.7"
"Justyn Ross","WR","KC","0","0","0","0","0","bye","0","0","7","7","0","0","0","0","0","0","0","0","14","7.0"
"Princeton Fant","TE","DAL","0","0","0","0","0","0","bye","0","0","0","7","0","3","0","1","3","0","0","14","3.5"
"Alex Erickson","WR","NE","0","0","0","0","0","0","0","0","0","0","0","0","0","bye","0","0","0","14","14","14.0"
"Tyson Bagent","QB","CHI","0","0","0","0","3","3","bye","0","0","0","0","0","0","4","3","0","0","0","13","3.3"
"Khari Blasingame","RB","Multi","7","0","0","0","0","3","0","0","0","0","0","0","0","1","0","1","0","0","12","3.0"
"Jakob Johnson","RB","NYG","0","3","2","7","0","0","0","0","0","0","bye","0","0","0","0","0","0","0","12","4.0"
"John Ross","WR","PHI","0","0","0","12","bye","0","0","0","0","0","0","0","0","0","0","0","0","0","12","12.0"
"Travis Vokolek","TE","ARI","0","0","0","12","0","0","0","0","0","0","bye","0","0","0","0","0","0","0","12","12.0"
"Jalen Cropper","WR","DAL","0","0","0","0","0","0","bye","0","0","12","0","0","0","0","0","0","0","0","12","12.0"
"Jermar Jefferson","RB","DET","0","0","0","0","bye","0","0","0","0","0","0","0","0","0","0","5","7","0","12","6.0"
"Blake Watson","RB","DEN","0","0","0","0","1","0","0","0","0","0","0","0","0","bye","0","10","0","0","11","5.5"
"MarShawn Lloyd","RB","GB","0","10","0","0","0","0","0","0","0","bye","0","0","0","0","0","0","0","0","10","10.0"
"Jonathan Ward","RB","PIT","0","0","0","0","3","6","0","1","bye","0","0","0","0","0","0","0","0","0","10","3.3"
"JaMycal Hasty","RB","NE","0","0","0","0","0","0","0","0","10","0","0","0","0","bye","0","0","0","0","10","10.0"
"Trayveon Williams","RB","CIN","0","0","0","0","0","0","0","0","7","1","0","bye","0","0","0","0","1","1","10","2.5"
"Trishton Jackson","WR","MIN","0","5","5","0","0","bye","0","0","0","0","0","0","0","0","0","0","0","0","10","5.0"
"Irvin Charles","WR","NYJ","0","0","0","0","1","1","1","2","0","5","0","bye","0","0","0","0","0","0","10","2.0"
"Elijah Cooks","WR","JAC","0","0","0","0","0","0","0","0","3","0","0","bye","7","0","0","0","0","0","10","5.0"
"Dez Fitzpatrick","WR","LAC","0","0","0","0","bye","0","0","0","0","0","0","0","0","0","0","0","0","10","10","10.0"
"David Bell","WR","CLE","0","9","0","0","0","0","0","0","0","bye","0","0","0","0","0","0","0","0","9","9.0"
"British Brooks","RB","HOU","0","0","3","6","0","0","0","0","0","0","0","0","0","bye","0","0","0","0","9","4.5"
"Casey Washington","WR","ATL","0","0","0","0","0","0","7","0","0","0","2","bye","0","0","0","0","0","0","9","4.5"
"Jack Westover","TE","NE","0","0","0","0","0","0","0","0","0","0","0","1","0","bye","0","0","0","8","9","4.5"
"Anthony Miller","WR","BAL","0","0","0","0","0","0","0","0","0","0","0","0","0","bye","0","1","8","0","9","4.5"
"Stephen Sullivan","TE","CAR","0","0","0","0","0","0","0","0","0","0","bye","0","8","0","0","0","0","0","8","8.0"
"Velus Jones Jr.","WR","Multi","4","0","0","0","0","0","0","0","0","0","0","0","0","0","0","0","3","0","7","3.5"
"Myles Gaskin","RB","MIN","2","0","0","0","5","bye","0","0","0","0","0","0","0","0","0","0","0","0","7","3.5"
"Ihmir Smith-Marsette","WR","NYG","0","0","0","0","0","0","1","0","1","0","bye","0","1","0","3","1","0","0","7","1.4"
"Nick Mullens","QB","MIN","0","0","2","0","1","bye","0","0","0","0","0","2","0","2","0","0","0","0","7","1.8"
"Laquon Treadwell","WR","IND","0","0","0","0","0","0","0","0","0","0","0","0","7","bye","0","0","0","0","7","7.0"
"Deonte Harty","WR","BAL","4","1","0","1","0","0","0","0","0","0","0","0","0","bye","0","0","0","0","6","2.0"
"James Proche II","WR","CLE","0","1","1","0","0","0","0","0","0","bye","0","0","0","2","2","0","0","0","6","1.5"
"Colson Yankoff","TE","WAS","0","0","0","0","1","0","5","0","0","0","0","0","0","bye","0","0","0","0","6","3.0"
"Kendall Milton","RB","CIN","0","0","0","0","0","0","0","0","5","0","0","bye","0","0","0","0","0","1","6","3.0"
"Joshua Cephus","WR","JAC","0","0","0","0","0","0","0","0","0","0","0","bye","0","6","0","0","0","0","6","6.0"
"Baylor Cupp","TE","KC","0","0","0","0","0","bye","0","0","0","0","0","0","0","6","0","0","0","0","6","6.0"
"Jake Browning","QB","CIN","0","0","0","0","0","0","0","3","1","0","0","bye","0","0","0","1","0","0","5","1.7"
"Roman Wilson","WR","PIT","0","0","0","0","0","5","0","0","bye","0","0","0","0","0","0","0","0","0","5","5.0"
"Montrell Washington","WR","KC","0","0","0","0","0","bye","0","5","0","0","0","0","0","0","0","0","0","0","5","5.0"
"Marquez Callaway","WR","TB","0","0","0","0","0","0","0","0","3","2","bye","0","0","0","0","0","0","0","5","2.5"
"Keilan Robinson","RB","JAC","0","0","0","0","0","0","0","0","0","0","0","bye","0","2","0","0","1","2","5","1.7"
"George Holani","RB","SEA","0","0","0","0","0","0","0","0","0","bye","0","0","0","2","3","0","0","0","5","2.5"
"Tanner McLachlan","TE","CIN","0","0","0","0","0","0","0","0","0","0","0","bye","0","0","0","3","2","0","5","2.5"
"Tyrion Davis-Price","RB","PHI","0","0","0","0","bye","0","0","0","0","0","0","0","0","0","0","0","5","0","5","5.0"
"Chris Oladokun","QB","KC","0","0","0","0","0","bye","0","0","0","0","0","0","0","0","0","0","0","5","5","5.0"
"Tyreik McAllister","RB","LV","0","0","0","4","0","0","0","0","0","bye","0","0","0","0","0","0","0","0","4","4.0"
"Jermaine Jackson","WR","NO","0","0","0","0","0","0","0","0","3","1","0","bye","0","0","0","0","0","0","4","2.0"
"Tyler Mabry","TE","SEA","0","0","0","0","0","0","0","0","0","bye","1","3","0","0","0","0","0","0","4","2.0"
"Joshua Kelley","RB","TEN","0","0","0","0","bye","0","0","0","0","0","0","2","0","0","0","0","0","2","4","2.0"
"Darrynton Evans","RB","CHI","0","0","0","0","0","0","bye","0","0","0","0","0","0","4","0","0","0","0","4","4.0"
"Tay Martin","WR","TEN","0","0","0","0","bye","0","0","0","0","0","0","0","0","0","0","0","0","4","4","4.0"
"Josh Johnson","QB","BAL","0","0","0","3","0","0","0","0","0","0","0","0","0","bye","0","0","0","0","3","3.0"
"Cody Thompson","WR","TB","0","0","0","0","3","0","0","0","0","0","bye","0","0","0","0","0","0","0","3","3.0"
"Brenden Rice","WR","LAC","0","0","0","0","bye","0","3","0","0","0","0","0","0","0","0","0","0","0","3","3.0"
"Ke'Shawn Vaughn","RB","SF","0","0","0","0","0","0","0","0","bye","0","0","0","0","3","0","0","0","0","3","3.0"
"Rodney Williams","TE","PIT","0","0","2","0","0","0","0","0","bye","0","0","0","0","0","0","0","0","0","2","2.0"
"Bryce Ford-Wheaton","WR","NYG","0","1","0","0","0","0","1","0","0","0","bye","0","0","0","0","0","0","0","2","1.0"
"Avery Williams","RB","ATL","0","2","0","0","0","0","0","0","0","0","0","bye","0","0","0","0","0","0","2","2.0"
"Kyle Allen","QB","PIT","0","0","0","0","2","0","0","0","bye","0","0","0","0","0","0","0","0","0","2","2.0"
"Dylan Laube","RB","LV","0","0","0","0","0","1","0","0","0","bye","0","0","0","0","0","0","0","1","2","1.0"
"Cody Schrader","RB","LAR","0","0","0","0","0","bye","0","0","0","0","0","0","0","0","0","0","0","2","2","2.0"
"Jeff Driskel","QB","WAS","0","1","0","0","0","0","0","0","0","0","0","0","0","bye","0","0","0","0","1","1.0"
"Dante Miller","RB","NYG","0","0","0","0","1","0","0","0","0","0","bye","0","0","0","0","0","0","0","1","1.0"
"Evan Hull","RB","IND","0","0","0","0","0","0","1","0","0","0","0","0","0","bye","0","0","0","0","1","1.0"
"Jaylen Johnson","WR","LAC","0","0","0","0","bye","0","0","1","0","0","0","0","0","0","0","0","0","0","1","1.0"
"Mitchell Wilcox","TE","NE","0","0","0","0","0","0","0","0","0","1","0","0","0","bye","0","0","0","0","1","1.0"
"Kene Nwangwu","RB","NYJ","0","0","0","0","0","0","0","0","0","0","0","bye","0","1","0","0","0","0","1","1.0"
"Zack Kuntz","TE","NYJ","0","0","0","0","0","0","0","0","0","0","0","bye","0","0","1","0","0","0","1","1.0"
"Brandon Smith","WR","NYJ","0","0","0","0","0","0","0","0","0","0","0","bye","0","0","1","0","0","0","1","1.0"
"Thomas Odukoya","TE","TEN","0","0","0","0","bye","0","0","0","0","0","0","0","0","0","1","0","0","0","1","1.0"
""
""